Index;People Id;First Name;Last Name;Sex;Email;Phone;DigitCount;Date of birth;Job Title;Age
3;DbeAb8CcdfeFC2c;Kristine;Travis;Male;bthompson@example.com;2776097938;10;02-Jul-92;Homeopath;34
10;8e4FB470FE19bF0;Isaiah;Downs;Male;virginiaterrell@example.org;151137215448206;15;20-Sept-64;Engineer   Site;62
11;BF0BbA03C29Bb3b;Sheila;Ross;Female;huangcathy@example.com;8958814746;10;20-Mar-08;Advertising Account Executive;18
12;F738c69fB34E62E;Stacy;Newton;Male;rayleroy@example.org;710673321380335;15;20-Oct-80;Warden/Ranger;46
13;C03fDADdAadAdCe;Mandy;Blake;Male;jefferynoble@example.org;99246613054947;14;08-Dec-07;Scientist   Clinical (Histocompatibility And Immunogenetics);19
14;b759b74BD1dE80d;Bridget;Nash;Female;mercedes44@example.com;2166278359;10;28-Jun-04;Social Worker;22
17;D6dbA5308fEC4BC;Maurice;Rangel;Male;sheenabanks@example.com;2461874969;10;20-Aug-04;Secretary/Administrator;22
18;311D775990f066d;Frank;Meadows;Male;gbrewer@example.org;42996539024447;14;16-Sept-08;Audiological Scientist;18
25;c5B09fb33e8bA0A;Alfred;Mcneil;Female;cassandramorris@example.com;468276950953058;15;28-May-93;Systems Analyst;33
31;5d2feAfbdCAA6B5;Isaiah;Camacho;Female;jimblake@example.org;15365443367;13;07-Apr-66;Food Technologist;60
32;cDa5F303fCd6dEa;Jacqueline;Gallagher;Male;nsampson@example.net;2477628934;10;25-Feb-99;Building Services Engineer;27
35;3Fb8a7f68e12784;Jackson;Sparks;Female;reynoldsdarryl@example.net;137908312965035;15;18-Nov-80;Set Designer;46
36;035eff50B9A0F24;Melody;Cook;Male;jeannovak@example.org;8267927381;10;25-Jun-63;Research Scientist (Life Sciences);63
39;b6a35de5CB6fc25;Cynthia;Wiggins;Female;rosariodave@example.org;110858243770190;15;27-Jan-84;Outdoor Activities/Education Manager;42
40;e92A191E345fA3A;Tanya;Mckinney;Female;vickihouston@example.com;8307749002086;13;12-Mar-03;Information Systems Manager;23
43;9edBC94aE7cA22a;Willie;Vang;Female;haleymathews@example.net;7411686854067;13;02-Feb-78;Management Consultant;48
45;5F2f3fAca8B0946;Darren;Andrews;Male;lhernandez@example.com;9757994261;10;04-Oct-97;Retail Banker;29
46;6bFcfc3cc1BC6B4;Haley;Pugh;Female;molly03@example.org;74618261372453;14;16-Sept-80;Commissioning Editor;46
49;dBCEf340C3657Eb;Caitlyn;Frey;Male;rivasdominique@example.org;805021396546344;15;26-Jan-68;Jewellery Designer;58
56;D8bF5Ab2b98caff;Mackenzie;Rocha;Female;abbottyvette@example.net;4225525458;10;21-Oct-80;Museum/Gallery Exhibitions Officer;46
57;CD8d33aA25bc8BB;Courtney;Watkins;Female;ochang@example.org;21068327615883;14;07-Dec-03;Pension Scheme Manager;23
64;5D2cb63CaAF53f6;Leslie;Conway;Female;floreschristina@example.org;7957824384555;13;06-Nov-83;Chiropractor;43
67;9Df5Ba591bF3EFf;Mike;Ward;Female;imccullough@example.com;1167295046;10;09-Nov-67;Hydrologist;59
73;5bC87340799FBD0;Jean;Ritter;Female;kristina76@example.com;9540601066;10;06-Aug-85;Financial Trader;41
75;c935b7Eb6FA0B0F;Kim;Andrews;Female;wpetersen@example.org;7677125383;10;15-Nov-90;Biochemist   Clinical;36
78;AdEd6cfD85DeC46;Jermaine;Reid;Female;vpaul@example.com;7422148691;10;18-Aug-74;Newspaper Journalist;52
86;CB19EafEbBfF9eC;Mario;Vaughn;Male;oblake@example.com;160144503912276;15;08-Jul-90;Research Scientist (Life Sciences);36
92;d6EA619A7C4aA95;Jamie;Hardy;Female;sheenadouglas@example.com;900803929511533;15;17-Jul-94;Conservator   Furniture;32
93;2A33E7Cad1bb0F5;Melody;Cox;Female;evan90@example.org;62652050803511;14;30-Jul-74;Dance Movement Psychotherapist;52
98;2fEc528aFAF0b69;Wesley;Bray;Male;regina11@example.org;995542300476800;15;28-Dec-94;Police Officer;32
